Workbook

Sheet PNL_REVERSE_S2_STRICT
A1: Reverse Stress Test P&L (proxy) — Solvabilité II stricte (EIOPA DOWN) : annuler le RCAI
A3: Hypothèse P&L proxy : ΔRCAI ≈ PV_stress − PV0 (MtM/EVE net) ; objectif : RCAI0 + ΔRCAI = 0
A5: RCAI0 (M€) | B5: 2686
A6: PV0 (M€) | B6: 21897.3
A7: PV cible = PV0 - RCAI0 (M€) | B7: =B6-B5 -> 19211.3
A8: k (multiplicateur EIOPA DOWN) | B8: 4.2742046
A9: PV_down(k) (M€) | B9: =SOMME(M15:M20) -> #NAME?
A10: ΔRCAI(k) = PV_down - PV0 (M€) | B10: =B9-B6 -> #NAME?
A11: RCAI stressé = RCAI0 + ΔRCAI (M€) | B11: =B5+B10 -> #NAME?
A14: Bucket | B14: T (ans) | C14: r0(T) | D14: CF net (M€) | E14: Facteur EIOPA DOWN | F14: k | G14: Δr_down = r0*Fact* k | H14: r_down = r0 - Δr_down | I14: DF0 = 1/(1+r0)^T | J14: PV0 bucket (M€) | K14: DF_down = 1/(1+r_down)^T | L14: PV_down bucket (M€) | M14: ΔPV bucket (M€) | N14: Perte contrib (M€)
A15: < 1 an | B15: 0.5 | C15: 0.03 | D15: 9235.19 | E15: 0.75 | F15: =$B$8 -> 4.2742046 | G15: =C15*E15*F15 -> 0.096169603 | H15: =C15-G15 -> -0.066169603 | I15: =1/(1+C15)^B15 -> 0.98532928 | J15: =D15*I15 -> 9099.7031 | K15: =1/(1+H15)^B15 -> 1.0348228 | L15: =D15*K15 -> 9556.7854 | M15: =L15-J15 -> 457.08225
A16: 1 à 5 ans | B16: 3 | C16: 0.028 | D16: 813.2 | E16: 0.56 | F16: =$B$8 -> 4.2742046 | G16: =C16*E16*F16 -> 0.067019528 | H16: =C16-G16 -> -0.039019528 | I16: =1/(1+C16)^B16 -> 0.92049335 | J16: =D16*I16 -> 748.54519 | K16: =1/(1+H16)^B16 -> 1.1268246 | L16: =D16*K16 -> 916.33375 | M16: =L16-J16 -> 167.78856
A17: 6 à 10 ans | B17: 8 | C17: 0.029 | D17: 37564.05 | E17: 0.36 | F17: =$B$8 -> 4.2742046 | G17: =C17*E17*F17 -> 0.044622696 | H17: =C17-G17 -> -0.015622696 | I17: =1/(1+C17)^B17 -> 0.79556744 | J17: =D17*I17 -> 29884.735 | K17: =1/(1+H17)^B17 -> 1.134246 | L17: =D17*K17 -> 42606.874 | M17: =L17-J17 -> 12722.139
A18: 11 à 15 ans | B18: 13 | C18: 0.029 | D18: -7100.4 | E18: 0.28 | F18: =$B$8 -> 4.2742046 | G18: =C18*E18*F18 -> 0.034706541 | H18: =C18-G18 -> -0.0057065414 | I18: =1/(1+C18)^B18 -> 0.68960457 | J18: =D18*I18 -> -4896.4683 | K18: =1/(1+H18)^B18 -> 1.0772349 | L18: =D18*K18 -> -7648.799 | M18: =L18-J18 -> -2752.3307
A19: > 15 ans | B19: 20 | C19: 0.029 | D19: 2669.1 | E19: 0.29 | F19: =$B$8 -> 4.2742046 | G19: =C19*E19*F19 -> 0.035946061 | H19: =C19-G19 -> -0.0069460607 | I19: =1/(1+C19)^B19 -> 0.56453712 | J19: =D19*I19 -> 1506.806 | K19: =1/(1+H19)^B19 -> 1.1495907 | L19: =D19*K19 -> 3068.3724 | M19: =L19-J19 -> 1561.5664
A20: Indéterminé | B20: 30 | C20: 0.028 | D20: -33078.15 | E20: 0.2 | F20: =$B$8 -> 4.2742046 | G20: =C20*E20*F20 -> 0.023935546 | H20: =C20-G20 -> 0.0040644542 | I20: =1/(1+C20)^B20 -> 0.4367235 | J20: =D20*I20 -> -14446.005 | K20: =1/(1+H20)^B20 -> 0.88542591 | L20: =D20*K20 -> -29288.251 | M20: =L20-J20 -> -14842.246
A21: TOTAL | J21: =SOMME(J15:J20) -> #NAME? | L21: =SOMME(L15:L20) -> #NAME? | M21: =SOMME(M15:M20) -> #NAME? | N21: =SOMME(N15:N20) -> #NAME?

Sheet DICHOTOMIE_k
A1: Itérations dichotomie (bisection) sur k pour atteindre PV cible = PV0 - RCAI0
A3: On cherche k tel que PV_down(k) = PV_cible. Fonction : g(k)=PV_down(k)-PV_cible.
A5: it | B5: k_a | C5: k_b | D5: k_m | E5: PV_down(k_m) | F5: PV cible | G5: g(k_m) | H5: Décision
A6: 1 | B6: 4 | C6: 5 | D6: 4.5 | E6: 18878.3 | F6: =PNL_REVERSE_S2_STRICT!$B$7 -> 19211.3 | G6: =E6-F6 -> -333
A7: 2 | B7: 4 | C7: 4.5 | D7: 4.25 | E7: 19245.5 | F7: =PNL_REVERSE_S2_STRICT!$B$7 -> 19211.3 | G7: =E7-F7 -> 34.2
A8: 3 | B8: 4.25 | C8: 4.5 | D8: 4.375 | E8: 19065.9 | F8: =PNL_REVERSE_S2_STRICT!$B$7 -> 19211.3 | G8: =E8-F8 -> -145.4
A9: 4 | B9: 4.25 | C9: 4.375 | D9: 4.3125 | E9: 19156.7 | F9: =PNL_REVERSE_S2_STRICT!$B$7 -> 19211.3 | G9: =E9-F9 -> -54.6
A10: 5 | B10: 4.25 | C10: 4.3125 | D10: 4.28125 | E10: 19201.3 | F10: =PNL_REVERSE_S2_STRICT!$B$7 -> 19211.3 | G10: =E10-F10 -> -10
A11: 6 | B11: 4.25 | C11: 4.28125 | D11: 4.265625 | E11: 19223.5 | F11: =PNL_REVERSE_S2_STRICT!$B$7 -> 19211.3 | G11: =E11-F11 -> 12.2
A12: 7 | B12: 4.265625 | C12: 4.28125 | D12: 4.2734375 | E12: 19212.4 | F12: =PNL_REVERSE_S2_STRICT!$B$7 -> 19211.3 | G12: =E12-F12 -> 1.1
A13: 8 | B13: 4.2734375 | C13: 4.28125 | D13: 4.2773438 | E13: 19206.9 | F13: =PNL_REVERSE_S2_STRICT!$B$7 -> 19211.3 | G13: =E13-F13 -> -4.4
A14: 9 | B14: 4.2734375 | C14: 4.2773438 | D14: 4.2753906 | E14: 19209.6 | F14: =PNL_REVERSE_S2_STRICT!$B$7 -> 19211.3 | G14: =E14-F14 -> -1.7
A15: 10 | B15: 4.2734375 | C15: 4.2753906 | D15: 4.2744141 | E15: 19211 | F15: =PNL_REVERSE_S2_STRICT!$B$7 -> 19211.3 | G15: =E15-F15 -> -0.3

Sheet MODE_OPERATOIRE
A1: Mode opératoire Excel (Valeur cible) — obtenir k* automatiquement
A3: 1) Dans l’onglet PNL_REVERSE_S2_STRICT, mets une valeur initiale de k en B8 (ex : 1).
A4: 2) Vérifie que B11 (RCAI stressé) se calcule.
A5: 3) Données > Analyse de scénarios > Valeur cible :
A6: • Définir la cellule : B11 (RCAI stressé)
A7: • À la valeur : 0
A8: • En modifiant la cellule : B8 (k)
A9: 4) Excel renvoie k* ≈ 4,2742 (avec ces données).
A11: Interprétation : le stress est appliqué via r_down = r0 − r0*FacteurDown(T)*k ; puis PV_down est recalculée par actualisation.
